iteration_time,path_cost,path,cost_function
191.7236367999999,3725.6828813552856,"3826, 4026, 4226, 4426, 4625, 4824, 5025, 5226, 5227, 5428, 5628, 5629, 5430, 5431, 5232, 5033, 4834, 4835, 5036, 5037, 5238, 5439, 5640, 5441, 5442, 5443, 5444, 5245, 5046, 5247, 5448, 5647, 5848, 6047, 6248, 6249, 6250, 6051, 6052, 6053, 5854, 5655, 5455, 5255, 5056, 5257, 5458, 5459, 5260, 5061, 4862, 4863, 5064, 4865, 4666, 4467, 4268, 4269, 4470, 4471, 4272, 4473, 4674, 4675, 4876, 5077, 4878, 4679, 4680, 4681, 4482, 4683, 4684, 4485, 4686, 4887, 5088, 5289, 5490, 5691, 5892, 6093, 6294, 6495, 6296, 6497, 6697, 6896, 7096, 7296, 7497, 7696, 7897, 7898, 8099, 7900, 7701, 7702, 7703, 7904, 7905, 8106, 8107, 8108, 7909, 8110, 8309, 8308, 8507, 8506, 8305, 8104, 8103, 8303, 8304, 8504, 8705, 8906, 9107, 9308, 9309, 9510, 9711, 9910, 10110, 10311, 10312, 10113, 9914, 10115, 10116, 10317, 10118, 10119, 10320, 10121, 10122, 9923, 9724, 9524, 9325, 9125, 8926, 8727, 8728, 8529, 8730, 8930, 9130, 9329, 9529, 9729, 9930, 10131, 10132, 9933, 9934, 10135, 10136, 9937, 9737, 9538, 9339, 9138, 8938, 8737, 8536, 8335, 8136, 7937, 7738, 7537, 7337, 7138, 7139, 7140, 6941, 6740, 6541, 6542, 6543, 6344, 6145, 6146, 5947, 6148, 6349, 6549, 6750, 6551, 6752, 6553, 6554, 6555, 6356, 6557, 6757, 6958, 6759, 6960, 7161, 7162, 6963, 6964, 6765, 6566, 6367, 6568, 6369, 6370, 6171, 5971, 5972, 5973, 6174, 6374, 6575, 6775, 6975, 7174, 7373, 7573, 7774, 7775, 7976, 7977, 7778, 7979, 8180, 8381, 8581, 8781, 8981, 9182, 9381, 9581, 9782, 9983, 10182, 10181, 10180, 10179, 10378, 10577, 10776, 10977, 11178, 11379, 11579, 11779, 11978, 11977, 11976, 12175, 12374, 12573, 12772, 12771, 12570, 12769, 12568, 12367, 12566, 12765, 12564, 12363, 12562, 12361, 12560, 12760, 12960, 13159, 13158, 13357, 13558, 13758, 13959, 14160, 14359, 14558, 14757, 14756, 14955, 15155, 15354, 15153, 15152, 15351, 15552, 15752, 15951, 15950, 15949, 15948, 16147, 16348, 16349, 16550, 16750, 16949, 17148, 17147, 17346, 17145, 16944, 16744, 16943, 17142, 17343, 17543, 17744, 17745, 17746, 17947, 18148, 18349, 18550, 18750, 18950, 19149, 19148, 19147, 19146, 19345, 19544, 19745, 19944, 20144, 20345, 20544, 20744, 20943, 20942, 20941, 21140, 21339, 21538, 21739, 21940, 22139, 22338, 22537, 22738, 22938, 23137, 23136, 23335, 23534, 23733, 23932, 24131, 24331, 24530, 24329, 24128, 23927, 23728, 23529, 23329, 23130, 22930, 22729, 22728, 22527, 22726, 22725, 22924, 23123, 23324, 23525, 23526, 23727, 23928, 24128, 24329, 24529, 24730, 24930, 25130, 25329, 25530, 25729, 25930, 26131, 26332, 26533, 26733, 26932, 27133, 27332, 27531, 27530, 27329, 27528, 27527, 27726, 27926, 28125, 28326, 28526, 28726, 28925, 29126, 29327, 29128, 28929, 29130, 29330, 29529, 29728, 29927, 30128, 30329, 30330, 30131, 29932, 30133, 30334, 30535, 30736, 30935, 31134, 31133, 31332, 31531, 31730, 31930, 32130, 32331, 32530, 32729, 32728, 32927, 33126, 33325, 33324, 33523, 33723, 33922, 34121, 34321",0
215.7599252,3276.889877319336,"34321, 34522, 34723, 34923, 35124, 35125, 34926, 34927, 34728, 34929, 35130, 34931, 34732, 34532, 34331, 34130, 33930, 33729, 33728, 33527, 33526, 33325, 33125, 32926, 32727, 32527, 32326, 32126, 31926, 31727, 31528, 31329, 31330, 31531, 31532, 31533, 31534, 31335, 31136, 30935, 30734, 30535, 30335, 30136, 30137, 29938, 29739, 29540, 29339, 29139, 28939, 28739, 28539, 28338, 28139, 27940, 27741, 27540, 27340, 27139, 26939, 26739, 26539, 26338, 26139, 25939, 25740, 25541, 25342, 25143, 24944, 24745, 24546, 24347, 24147, 23946, 23745, 23944, 23943, 23742, 23541, 23342, 23143, 22943, 22744, 22543, 22342, 22143, 22144, 22145, 21946, 21747, 21547, 21348, 21149, 20950, 20750, 20549, 20548, 20347, 20148, 19947, 19748, 19549, 19750, 19751, 19952, 19753, 19553, 19354, 19154, 18953, 18754, 18554, 18353, 18152, 17951, 17950, 17749, 17548, 17747, 17546, 17345, 17145, 16944, 16744, 16745, 16546, 16347, 16147, 15947, 15748, 15549, 15349, 15149, 14949, 14750, 14550, 14351, 14152, 14353, 14154, 13955, 13756, 13555, 13355, 13156, 12957, 12757, 12557, 12357, 12156, 11955, 11756, 11555, 11354, 11153, 10953, 10753, 10554, 10354, 10154, 9954, 9755, 9756, 9557, 9758, 9559, 9359, 9159, 8959, 8759, 8560, 8361, 8162, 7963, 7964, 7765, 7565, 7365, 7166, 6967, 6767, 6568, 6369, 6170, 5971, 5970, 6169, 6168, 6167, 5966, 5965, 6164, 6363, 6562, 6761, 6760, 6559, 6758, 6757, 6556, 6555, 6754, 6955, 7154, 7353, 7552, 7751, 7950, 7949, 7748, 7747, 7946, 8145, 8144, 8143, 8342, 8341, 8140, 8139, 7938, 7739, 7539, 7340, 7341, 7342, 7143, 6942, 6742, 6542, 6341, 6140, 6339, 6538, 6337, 6136, 6135, 5934, 5933, 5732, 5731, 5530, 5329, 5129, 4929, 4729, 4528, 4329, 4130, 3931, 3730, 3729, 3728, 3927, 4127, 4326, 4525, 4724, 4523, 4722, 4921, 4720, 4519, 4518, 4517, 4716, 4515, 4314, 4113, 4112, 3911, 3712, 3713, 3714, 3515, 3314, 3113, 2912, 2911, 3110, 3109, 2908, 2708, 2507, 2706, 2906, 3105, 3104, 2903, 2703, 2503, 2302, 2101, 2100, 2099, 1898, 1897, 1696, 1695, 1494, 1493, 1692, 1891, 1690, 1889, 1888, 1887, 1886, 1685, 1485, 1284, 1083, 1282, 1081, 1280, 1079, 1278, 1277, 1276, 1075, 874, 673, 672, 471, 270, 469, 668, 867, 1066, 865, 665, 464, 463, 662, 861, 1061, 1261, 1460, 1459, 1658, 1457, 1256, 1055, 855, 654, 453, 452, 651, 850, 849, 1048, 1248, 1449, 1648, 1847, 2046, 2246, 2445, 2644, 2643, 2842, 3042, 3241, 3442, 3641, 3840, 4039, 4038, 4037, 4036, 4035, 4234, 4435, 4636, 4836, 5036, 5235, 5434, 5633, 5432, 5232, 5031, 5230, 5029, 5228, 5427, 5628",1
246.67835259999993,3674.9369888305664,"5628, 5629, 5430, 5230, 5031, 4832, 5033, 5234, 5435, 5636, 5837, 5638, 5839, 5840, 5641, 5441, 5241, 5042, 4843, 4644, 4444, 4245, 4446, 4447, 4248, 4049, 4250, 4451, 4252, 4253, 4454, 4255, 4456, 4657, 4458, 4258, 4059, 3860, 3660, 3461, 3261, 3062, 3263, 3264, 3465, 3666, 3867, 4067, 4268, 4469, 4668, 4869, 4870, 4871, 5072, 5273, 5472, 5671, 5871, 6072, 6073, 6074, 6275, 6276, 6077, 6078, 6079, 5880, 5680, 5480, 5280, 5080, 4879, 4680, 4481, 4282, 4082, 3882, 3682, 3482, 3283, 3084, 2883, 2682, 2482, 2281, 2080, 1881, 1682, 1483, 1484, 1485, 1286, 1287, 1488, 1689, 1490, 1290, 1090, 889, 690, 691, 692, 893, 1094, 1294, 1495, 1694, 1693, 1892, 2092, 2293, 2493, 2694, 2695, 2696, 2897, 2898, 3099, 2900, 3101, 2902, 2903, 2704, 2705, 2706, 2707, 2708, 2509, 2308, 2109, 1909, 1710, 1510, 1310, 1111, 912, 1113, 1114, 915, 716, 917, 1117, 1317, 1518, 1719, 1720, 1921, 2122, 2323, 2524, 2525, 2526, 2727, 2528, 2729, 2930, 3131, 2932, 3133, 2934, 3135, 3136, 3137, 3338, 3339, 3140, 3341, 3142, 3143, 3144, 3345, 3546, 3347, 3348, 3149, 2950, 2951, 2752, 2552, 2353, 2354, 2555, 2356, 2557, 2757, 2956, 3155, 3356, 3557, 3756, 3957, 4158, 4159, 3960, 4161, 3962, 3963, 3964, 3965, 3966, 4167, 4368, 4569, 4770, 4969, 5169, 5368, 5569, 5768, 5968, 6169, 6170, 5971, 6171, 6370, 6571, 6770, 6969, 7168, 7167, 7166, 7165, 6964, 6963, 6762, 6761, 6960, 7161, 7360, 7561, 7760, 7961, 8160, 8359, 8358, 8557, 8556, 8755, 8954, 9154, 9354, 9555, 9556, 9557, 9758, 9958, 10158, 10359, 10160, 10361, 10561, 10761, 10962, 11161, 11362, 11363, 11564, 11765, 11966, 12166, 12366, 12565, 12764, 12964, 13163, 13362, 13562, 13761, 13560, 13759, 13958, 14159, 14360, 14560, 14760, 14959, 15158, 15157, 15156, 15355, 15554, 15755, 15954, 16153, 15952, 15951, 15950, 16149, 15948, 15947, 16146, 16346, 16545, 16744, 16945, 17145, 17344, 17544, 17745, 17946, 17747, 17548, 17749, 17949, 18150, 18350, 18550, 18750, 18951, 19152, 19351, 19550, 19751, 19752, 19953, 20153, 20352, 20552, 20752, 20953, 20754, 20955, 21156, 21357, 21558, 21559, 21360, 21161, 21362, 21563, 21762, 21761, 21960, 22160, 22359, 22560, 22759, 22959, 23160, 23359, 23558, 23757, 23556, 23355, 23154, 23153, 22952, 23151, 23150, 23349, 23548, 23347, 23346, 23545, 23745, 23945, 24144, 24143, 24342, 24541, 24742, 24943, 25144, 25345, 25146, 24947, 24748, 24949, 24750, 24951, 25151, 25350, 25549, 25748, 25948, 26148, 26348, 26548, 26748, 26949, 27148, 27347, 27346, 27345, 27344, 27543, 27744, 27944, 28145, 28346, 28546, 28747, 28946, 29146, 29345, 29344, 29343, 29342, 29541, 29740, 29939, 29738, 29537, 29736, 29935, 30135, 30336, 30536, 30735, 30935, 31134, 31333, 31534, 31535, 31736, 31935, 32134, 32333, 32534, 32733, 32932, 33131, 33331, 33530, 33730, 33929, 33928, 33927, 34126, 33925, 33924, 34123, 34322, 34321",2
262.6797697000002,3480.0672931671143,"32929, 32928, 33127, 33326, 33325, 33524, 33725, 33925, 34124, 34123, 34322, 34321, 34122, 33922, 33923, 33723, 33522, 33321, 33320, 33119, 33118, 33117, 33316, 33315, 33114, 33113, 32912, 32712, 32513, 32314, 32315, 32316, 32117, 31916, 31717, 31518, 31319, 31120, 30919, 30918, 31117, 31316, 31115, 30914, 30713, 30514, 30313, 30112, 29912, 29712, 29513, 29714, 29915, 30116, 30317, 30118, 29918, 29719, 29520, 29321, 29522, 29722, 29921, 30120, 30320, 30521, 30522, 30323, 30124, 29925, 29724, 29525, 29326, 29527, 29328, 29329, 29530, 29531, 29332, 29133, 28934, 28733, 28532, 28332, 28131, 27930, 27730, 27531, 27332, 27132, 26933, 26734, 26533, 26334, 26335, 26136, 25937, 25738, 25539, 25338, 25137, 24937, 24738, 24539, 24338, 24137, 23938, 23738, 23539, 23540, 23541, 23342, 23143, 22942, 22742, 22541, 22342, 22141, 21940, 21739, 21538, 21338, 21139, 20938, 20739, 20540, 20340, 20139, 19938, 19737, 19538, 19337, 19136, 18937, 18938, 19139, 19340, 19141, 19142, 18943, 18744, 18745, 18746, 18947, 19148, 18949, 18749, 18550, 18350, 18149, 17949, 17748, 17547, 17346, 17146, 16945, 16744, 16943, 16744, 16543, 16342, 16143, 15943, 15744, 15544, 15343, 15143, 14942, 14741, 14542, 14343, 14344, 14145, 13946, 13745, 13545, 13346, 13147, 12947, 12748, 12547, 12348, 12148, 11947, 11748, 11549, 11348, 11147, 11146, 10945, 10746, 10547, 10348, 10349, 10550, 10351, 10152, 10153, 9954, 9755, 9556, 9357, 9358, 9359, 9560, 9561, 9362, 9163, 8963, 8762, 8562, 8361, 8161, 7962, 7763, 7564, 7364, 7165, 7166, 6967, 6767, 6566, 6366, 6166, 5967, 6168, 6369, 6170, 5971, 5771, 5572, 5373, 5174, 4973, 4972, 4771, 4571, 4371, 4170, 4369, 4168, 3967, 3766, 3965, 3764, 3563, 3363, 3162, 3161, 2961, 3161, 3362, 3561, 3760, 3959, 4158, 4359, 4558, 4557, 4756, 4955, 5154, 5353, 5552, 5551, 5750, 5949, 5948, 6147, 6146, 6145, 6144, 6343, 6142, 5941, 5940, 6139, 6339, 6538, 6738, 6937, 6936, 6935, 6734, 6533, 6332, 6131, 6330, 6329, 6128, 5927, 6126, 5925, 5724, 5523, 5322, 5121, 5320, 5119, 5118, 5317, 5516, 5715, 5714, 5713, 5912, 6111, 6311, 6512, 6711, 6910, 6909, 6908, 7107, 7308, 7307, 7108, 6907, 6706, 6705, 6504, 6303, 6103, 5902, 5901, 6100, 5899, 5698, 5897, 6096, 5895, 5694, 5494, 5295, 5094, 5093, 4892, 4691, 4890, 5090, 5289, 5488, 5287, 5086, 4885, 4884, 5083, 5082, 5081, 4880, 5079, 5278, 5277, 5076, 4875, 4674, 4473, 4272, 4271, 4070, 4269, 4268, 4067, 3868, 3668, 3467, 3666, 3665, 3864, 4064, 4263, 4262, 4061, 4260, 4459, 4458, 4257, 4456, 4455, 4654, 4653, 4852, 4851, 4650, 4849, 4648, 4647, 4846, 4845, 5044, 5243, 5042, 4841, 5040, 5239, 5238, 5037, 4836, 4835, 5034, 4833, 4633, 4432, 4231, 4430, 4429, 4628, 4827, 5028, 5228, 5429, 5628",0
285.33558840000023,3632.533989906311,"34321, 34122, 34323, 34124, 33924, 33725, 33525, 33325, 33126, 32925, 32726, 32526, 32325, 32524, 32723, 32922, 33121, 33320, 33319, 33518, 33517, 33516, 33315, 33115, 32916, 32717, 32718, 32519, 32319, 32120, 31921, 32122, 31923, 31724, 31725, 31526, 31326, 31127, 30927, 30726, 30725, 30524, 30325, 30124, 29925, 29726, 29526, 29326, 29127, 28927, 28728, 28929, 28730, 28530, 28331, 28332, 28133, 27934, 27734, 27535, 27336, 27337, 27138, 26938, 26739, 26740, 26541, 26340, 26141, 25942, 25743, 25544, 25345, 25146, 24947, 24748, 24547, 24346, 24345, 24544, 24343, 24142, 23943, 23944, 23745, 23545, 23344, 23144, 22945, 22745, 22544, 22345, 22145, 21946, 21747, 21548, 21347, 21146, 20946, 20747, 20548, 20349, 20148, 19947, 19746, 19545, 19544, 19343, 19144, 18945, 18744, 18544, 18345, 18144, 17943, 17744, 17543, 17342, 17143, 16944, 16744, 16743, 16942, 16741, 16541, 16341, 16142, 15941, 15742, 15543, 15544, 15545, 15346, 15147, 14947, 14746, 14545, 14344, 14343, 14342, 14141, 13940, 13739, 13538, 13337, 13136, 12936, 12737, 12537, 12336, 12137, 11938, 11939, 11940, 11941, 11742, 11542, 11343, 11144, 10943, 10742, 10543, 10544, 10745, 10546, 10747, 10548, 10349, 10150, 9951, 10152, 10353, 10354, 10155, 9956, 9756, 9555, 9554, 9353, 9152, 8953, 8754, 8955, 8756, 8557, 8757, 8956, 8957, 9158, 8959, 8960, 8961, 8762, 8763, 8564, 8364, 8163, 7964, 7764, 7564, 7365, 7366, 7167, 6966, 6767, 6568, 6369, 6170, 5971, 5770, 5569, 5568, 5567, 5766, 5965, 6164, 6363, 6162, 5961, 6160, 5959, 5759, 5560, 5359, 5158, 4957, 4756, 4557, 4756, 4956, 5156, 5355, 5554, 5553, 5752, 5951, 6150, 5949, 5748, 5548, 5347, 5146, 4945, 5144, 5344, 5544, 5743, 5944, 6144, 6343, 6544, 6743, 6942, 7141, 7340, 7540, 7739, 7939, 8138, 8337, 8537, 8737, 8936, 8935, 8934, 9133, 9332, 9531, 9330, 9529, 9328, 9127, 9326, 9325, 9524, 9723, 9922, 10122, 10323, 10523, 10723, 10922, 10921, 10920, 10719, 10718, 10917, 10716, 10515, 10314, 10113, 9914, 9714, 9513, 9314, 9114, 8914, 8713, 8514, 8313, 8113, 7913, 7914, 8115, 7916, 7915, 7714, 7713, 7514, 7313, 7112, 6911, 6910, 6709, 6510, 6511, 6312, 6113, 5913, 5713, 5512, 5311, 5110, 4909, 4708, 4707, 4906, 5105, 4904, 4704, 4503, 4702, 4902, 5101, 5300, 5500, 5699, 5698, 5697, 5496, 5695, 5694, 5493, 5692, 5891, 6090, 6089, 6288, 6487, 6686, 6885, 7085, 7286, 7486, 7685, 7884, 7683, 7482, 7481, 7480, 7679, 7678, 7477, 7676, 7875, 8074, 8273, 8472, 8671, 8870, 8869, 8868, 9067, 9266, 9065, 8864, 8664, 8463, 8262, 8061, 7862, 7661, 7460, 7259, 7060, 6861, 6662, 6461, 6262, 6062, 5862, 5662, 5462, 5261, 5460, 5659, 5658, 5457, 5257, 5056, 4855, 4654, 4453, 4452, 4651, 4850, 5049, 5249, 5449, 5648, 5847, 6046, 6245, 6044, 5843, 5642, 5841, 6040, 6239, 6238, 6037, 6236, 6435, 6234, 6033, 6032, 6031, 5830, 5629, 5628",1
235.84131190000062,3192.1590852737427,"34321, 34120, 33920, 33720, 33519, 33319, 33118, 32917, 32716, 32515, 32316, 32115, 31916, 31716, 31517, 31316, 31116, 30915, 30714, 30514, 30314, 30115, 29915, 29715, 29514, 29315, 29116, 29117, 28918, 28719, 28519, 28318, 28317, 28516, 28315, 28114, 27914, 27713, 27912, 27711, 27510, 27309, 27108, 26909, 26710, 26511, 26312, 26513, 26314, 26515, 26715, 26916, 27117, 27318, 27119, 26920, 26720, 26521, 26322, 26123, 25922, 25721, 25720, 25519, 25320, 25119, 24920, 24721, 24522, 24523, 24324, 24123, 23924, 23725, 23926, 23727, 23528, 23327, 23326, 23125, 22924, 22725, 22526, 22327, 22128, 21928, 21729, 21730, 21531, 21331, 21131, 20931, 20730, 20529, 20528, 20327, 20128, 19929, 19729, 19530, 19331, 19132, 18933, 18732, 18532, 18333, 18534, 18335, 18336, 18537, 18538, 18339, 18140, 17941, 17740, 17540, 17341, 17142, 16943, 16744, 16543, 16542, 16341, 16140, 15941, 15741, 15541, 15342, 15143, 15344, 15545, 15746, 15547, 15348, 15549, 15350, 15151, 14950, 14751, 14550, 14351, 14152, 13953, 13753, 13553, 13354, 13355, 13156, 12956, 12757, 12758, 12559, 12760, 12761, 12562, 12363, 12162, 11962, 11763, 11562, 11361, 11160, 11359, 11158, 10958, 10759, 10558, 10357, 10158, 9957, 9756, 9556, 9357, 9158, 8959, 8759, 8560, 8359, 8159, 7960, 7761, 7762, 7763, 7764, 7565, 7366, 7167, 7368, 7169, 6970, 6771, 6772, 6573, 6574, 6575, 6376, 6175, 5974, 5773, 5772, 5971, 6170, 6369, 6368, 6567, 6766, 6966, 7166, 7365, 7564, 7563, 7362, 7161, 7160, 7159, 6958, 6957, 6756, 6755, 6954, 6953, 6752, 6551, 6351, 6150, 6349, 6348, 6147, 6146, 5945, 5745, 5546, 5347, 5146, 5145, 5144, 4943, 4744, 4544, 4343, 4143, 3942, 4141, 4140, 4339, 4338, 4537, 4736, 4935, 4934, 5133, 5132, 5331, 5530, 5729, 5928, 5927, 6126, 6325, 6525, 6524, 6523, 6322, 6121, 5920, 5721, 5520, 5320, 5120, 4919, 4918, 5117, 4916, 4715, 4914, 4913, 4912, 5111, 5110, 5109, 4908, 4709, 4508, 4307, 4106, 4105, 4304, 4503, 4702, 4901, 4900, 4899, 4698, 4897, 5096, 5295, 5094, 5293, 5292, 5091, 5090, 5089, 5088, 4887, 4886, 5085, 5084, 5083, 5282, 5281, 5280, 5079, 5078, 5277, 5076, 4875, 4676, 4476, 4276, 4075, 4074, 4273, 4272, 4071, 4270, 4069, 4068, 3867, 3666, 3465, 3464, 3263, 3262, 3461, 3660, 3859, 3858, 4057, 4056, 4055, 3854, 3853, 3652, 3651, 3650, 3649, 3448, 3248, 3047, 3046, 3245, 3444, 3443, 3242, 3241, 3040, 3039, 3038, 2837, 2636, 2835, 2834, 2633, 2832, 3032, 3231, 3431, 3632, 3832, 4031, 4230, 4429, 4630, 4830, 5030, 5229, 5429, 5628",2
272.1256562999988,2363.2153539657593,"8646, 8445, 8444, 8443, 8642, 8441, 8640, 8639, 8438, 8237, 8236, 8435, 8434, 8233, 8032, 7831, 7630, 7430, 7229, 7028, 6829, 6630, 6631, 6432, 6231, 6031, 5832, 5633, 5434, 5233, 5032, 4833, 4834, 4635, 4836, 5037, 5238, 5439, 5638, 5838, 6038, 6239, 6240, 6441, 6442, 6243, 6444, 6445, 6646, 6847, 7047, 7246, 7445, 7645, 7846, 7847, 7648, 7849, 7650, 7651, 7452, 7253, 7053, 6852, 6652, 6453, 6654, 6655, 6456, 6657, 6658, 6659, 6660, 6861, 7062, 7063, 6864, 6665, 6464, 6265, 6066, 5867, 5667, 5468, 5469, 5270, 5471, 5672, 5873, 5874, 6075, 5876, 5677, 5678, 5479, 5280, 5281, 5482, 5683, 5883, 6084, 5885, 6086, 6286, 6487, 6288, 6289, 6490, 6690, 6889, 7089, 7290, 7291, 7292, 7093, 7294, 7495, 7694, 7893, 8094, 8095, 8096, 8297, 8498, 8699, 8899, 9099, 9300, 9501, 9701, 9900, 10101, 10300, 10299, 10498, 10697, 10897, 11098, 11299, 11500, 11700, 11899, 12099, 12299, 12498, 12698, 12897, 13096, 13295, 13495, 13694, 13893, 14094, 14295, 14495, 14696, 14895, 15095, 15296, 15496, 15697, 15898, 16099, 16299, 16499, 16700, 16899, 17100, 17300, 17501, 17701, 17901, 18102, 18302, 18501, 18702, 18903, 19103, 19304, 19504, 19703, 19904, 20105, 20306, 20505, 20704, 20904, 21103, 21303, 21504, 21705, 21906, 21907, 22108, 22109, 22110, 21911, 22112, 21913, 21713, 21514, 21515, 21716, 21917, 21918, 22119, 22120, 22121, 22122, 22123, 22124, 22325, 22126, 21927, 22128, 22329, 22330, 22331, 22132, 22333, 22534, 22734, 22935, 23136, 23337, 23538, 23738, 23939, 24139, 24340, 24541, 24742, 24943, 25144, 25344, 25545, 25745, 25944, 26143, 26344, 26545, 26745, 26944, 27145, 27345, 27545, 27745, 27946, 28145, 28346, 28546, 28747, 28948, 29149, 29150, 28951, 29152, 29153, 29154, 28955, 28956, 29157, 29357, 29556, 29755, 29955, 30156, 30357, 30358, 30559, 30560, 30761, 30961, 31160, 31361, 31560, 31761, 31962, 31763, 31964, 32165, 32366, 32566, 32766, 32967, 33166, 33367, 33567, 33768, 33969, 34170, 34371",0
387.45521700000063,2355.1549463272095,"6828, 7028, 7229, 7430, 7231, 7432, 7633, 7434, 7235, 7036, 7037, 7038, 6839, 6640, 6841, 6842, 6643, 6444, 6445, 6246, 6045, 5846, 5647, 5648, 5449, 5650, 5651, 5852, 6053, 6252, 6452, 6653, 6854, 7055, 7254, 7453, 7653, 7854, 8055, 8256, 8257, 8058, 7858, 7658, 7459, 7660, 7661, 7462, 7663, 7464, 7665, 7866, 8067, 7868, 7668, 7469, 7269, 7070, 6870, 6671, 6472, 6473, 6674, 6475, 6276, 6077, 5878, 5678, 5879, 6079, 6278, 6478, 6677, 6877, 7077, 7276, 7477, 7478, 7479, 7280, 7481, 7682, 7883, 8084, 8285, 8485, 8686, 8885, 9086, 9287, 9288, 9289, 9490, 9689, 9890, 9891, 10092, 10292, 10491, 10490, 10689, 10888, 11087, 11286, 11487, 11688, 11889, 12090, 12091, 12292, 12492, 12692, 12891, 13090, 13089, 13288, 13487, 13686, 13885, 14084, 14284, 14484, 14684, 14883, 15084, 15085, 15086, 15087, 15088, 14889, 15090, 15091, 15092, 15293, 15493, 15693, 15893, 16094, 15895, 15896, 15897, 16098, 16099, 16300, 16499, 16700, 16900, 17101, 17102, 17303, 17504, 17705, 17506, 17507, 17708, 17908, 18109, 17910, 18111, 18312, 18513, 18714, 18915, 19114, 19314, 19515, 19716, 19917, 19918, 20119, 20120, 20321, 20122, 19923, 20124, 19925, 19926, 20127, 20128, 20329, 20330, 20531, 20731, 20930, 21129, 21329, 21528, 21728, 21927, 22128, 22328, 22529, 22330, 22531, 22731, 22930, 23131, 23332, 23533, 23534, 23735, 23736, 23737, 23538, 23738, 23939, 24140, 24339, 24539, 24740, 24741, 24942, 25142, 25342, 25542, 25743, 25544, 25545, 25346, 25347, 25548, 25747, 25946, 26146, 26347, 26348, 26349, 26350, 26551, 26752, 26953, 26954, 26955, 27156, 27355, 27354, 27553, 27752, 27951, 28151, 28351, 28550, 28549, 28748, 28949, 29150, 29351, 29152, 29353, 29554, 29753, 29752, 29951, 30150, 30350, 30551, 30752, 30753, 30754, 30955, 31156, 31357, 31558, 31759, 31960, 31761, 31762, 31563, 31764, 31765, 31766, 31767, 31968, 32167, 32366, 32567, 32768, 32969, 33169, 33368, 33567, 33766, 33965, 34166, 34367, 34567, 34767, 34968, 34769, 34570, 34371",1
333.12353919999987,2119.5429763793945,"34371, 34172, 33971, 33770, 33569, 33368, 33168, 32969, 32768, 32567, 32566, 32365, 32166, 31965, 31764, 31563, 31364, 31165, 30965, 30764, 30564, 30363, 30162, 29963, 29762, 29563, 29364, 29163, 28964, 28763, 28562, 28361, 28160, 27960, 27761, 27560, 27359, 27158, 27157, 27156, 26955, 26754, 26953, 26952, 26751, 26552, 26352, 26153, 25954, 25753, 25553, 25352, 25151, 25350, 25349, 25148, 25147, 25146, 24945, 24744, 24743, 24942, 24741, 24540, 24339, 24139, 23939, 23739, 23538, 23537, 23336, 23135, 22936, 22735, 22534, 22333, 22132, 21932, 21731, 21530, 21529, 21528, 21727, 21926, 22125, 21924, 21723, 21522, 21521, 21320, 21120, 20921, 20721, 20521, 20320, 20119, 19918, 19717, 19516, 19715, 19915, 20114, 19913, 19712, 19711, 19510, 19310, 19109, 19108, 18907, 18906, 18705, 18504, 18303, 18302, 18101, 17900, 17699, 17498, 17497, 17296, 17095, 16895, 16696, 16497, 16298, 16099, 15900, 15701, 15502, 15302, 15103, 14904, 14705, 14505, 14306, 14106, 13905, 13705, 13506, 13307, 13106, 12906, 12706, 12506, 12305, 12106, 11906, 11705, 11505, 11306, 11307, 11508, 11309, 11110, 10911, 10711, 10510, 10309, 10308, 10107, 10106, 9905, 9704, 9503, 9502, 9701, 9900, 9899, 9698, 9497, 9298, 9097, 8896, 9095, 9094, 8893, 8692, 8492, 8291, 8090, 8089, 7888, 7687, 7486, 7285, 7084, 6884, 6683, 6482, 6281, 6082, 6083, 5884, 5685, 5484, 5283, 5082, 5281, 5480, 5479, 5678, 5877, 5676, 5875, 6075, 6276, 6475, 6474, 6273, 6072, 5872, 5671, 5670, 5869, 6068, 6067, 5866, 6065, 5864, 5663, 5462, 5461, 5260, 5059, 5258, 5057, 5256, 5455, 5254, 5054, 4853, 4652, 4851, 5050, 5049, 5248, 5447, 5647, 5848, 6049, 6248, 6447, 6646, 6645, 6844, 6843, 7042, 7241, 7440, 7639, 7638, 7437, 7236, 7235, 7434, 7233, 7232, 7431, 7230, 7029, 7028",2
253.39997940000103,3432.9336013793945,"23771, 23970, 24171, 24372, 24571, 24570, 24769, 24768, 24967, 25166, 25366, 25566, 25767, 25968, 25769, 25770, 25571, 25572, 25373, 25174, 25375, 25576, 25775, 25774, 25973, 26173, 26372, 26571, 26772, 26972, 27171, 27370, 27569, 27770, 27969, 28168, 27967, 27766, 27566, 27367, 27166, 26965, 26964, 26963, 26962, 27161, 27160, 26959, 26758, 26757, 26956, 27155, 27356, 27557, 27757, 27956, 27755, 27754, 27753, 27952, 28151, 28352, 28551, 28550, 28749, 28948, 28747, 28546, 28745, 28945, 29144, 28943, 29142, 29342, 29543, 29742, 29941, 30141, 30340, 30539, 30738, 30937, 30936, 30735, 30934, 31133, 31333, 31532, 31331, 31130, 30929, 30728, 30527, 30326, 30525, 30524, 30523, 30722, 30922, 31123, 31324, 31525, 31724, 31923, 32123, 32324, 32523, 32522, 32321, 32120, 32119, 31918, 31717, 31516, 31715, 31914, 32113, 31912, 31712, 31512, 31311, 31110, 31309, 31508, 31507, 31706, 31905, 31904, 32103, 32302, 32501, 32702, 32901, 33101, 33300, 33499, 33698, 33497, 33696, 33895, 34095, 34295, 34494, 34293, 34292, 34291, 34090, 33890, 33689, 33888, 34087, 34286, 34285, 34284, 34083, 34282, 34481, 34680, 34679, 34878, 34677, 34477, 34277, 34077, 33876, 33675, 33674, 33473, 33272, 33073, 32872, 32673, 32474, 32273, 32072, 31872, 31673, 31472, 31271, 31070, 30869, 30868, 30667, 30468, 30267, 30066, 29867, 29666, 29467, 29266, 29065, 29264, 29263, 29062, 28862, 28661, 28460, 28260, 28059, 27858, 27657, 27456, 27257, 27058, 26857, 26657, 26456, 26256, 26055, 25856, 25655, 25454, 25253, 25252, 25051, 24851, 24651, 24450, 24250, 24050, 23849, 23848, 23847, 23646, 23447, 23246, 23047, 22847, 22648, 22448, 22248, 22047, 22246, 22045, 21844, 21643, 21443, 21244, 21044, 20845, 20646, 20447, 20248, 20048, 19849, 19648, 19449, 19250, 19451, 19652, 19453, 19654, 19855, 19656, 19657, 19458, 19258, 19057, 18857, 18656, 18855, 18654, 18453, 18254, 18054, 17853, 17653, 17453, 17253, 17053, 16853, 16654, 16655, 16456, 16256, 16057, 15858, 15657, 15656, 15455, 15254, 15053, 14852, 14652, 14452, 14251, 14051, 13850, 13650, 13450, 13251, 13050, 12849, 12648, 12449, 12450, 12251, 12051, 11851, 11650, 11649, 11448, 11249, 11048, 10849, 10650, 10451, 10252, 10051, 9850, 9649, 9448, 9249, 9050, 8851, 8650, 8449, 8248, 8047, 7846, 7646, 7445, 7644, 7843, 7842, 7641, 7441, 7240, 7439, 7238, 7038, 6839, 6639, 6438, 6239, 6038, 6037, 5836, 5835, 5834, 5633, 5432, 5431, 5230, 5429, 5628",0
347.28318039999795,3253.873412132263,"23771, 23770, 23769, 23968, 24167, 24367, 24566, 24765, 24564, 24763, 24762, 24961, 24960, 25159, 25358, 25557, 25756, 25555, 25754, 25553, 25552, 25551, 25750, 25949, 26149, 26348, 26147, 25946, 25745, 25744, 25743, 25942, 26141, 26340, 26339, 26138, 25939, 25739, 25540, 25340, 25139, 25338, 25137, 25336, 25535, 25734, 25933, 26133, 26333, 26533, 26732, 26731, 26930, 27129, 27329, 27528, 27729, 27929, 28129, 28328, 28528, 28728, 28928, 29129, 29329, 29529, 29730, 29930, 30129, 30128, 30327, 30526, 30525, 30724, 30923, 31123, 31322, 31521, 31720, 31519, 31318, 31317, 31116, 31315, 31314, 31513, 31714, 31915, 32114, 32313, 32512, 32711, 32710, 32909, 32908, 32907, 33106, 33306, 33505, 33304, 33103, 33302, 33301, 33500, 33699, 33898, 34097, 34096, 34295, 34094, 34293, 34092, 33891, 33692, 33493, 33292, 33092, 32891, 33090, 33089, 33288, 33487, 33286, 33085, 33084, 33083, 32882, 32683, 32482, 32283, 32082, 31882, 31682, 31481, 31280, 31079, 30879, 30678, 30479, 30278, 30078, 29879, 29678, 29479, 29279, 29078, 29077, 29076, 29275, 29074, 29073, 29072, 29271, 29472, 29672, 29871, 30070, 29869, 29669, 29468, 29268, 29069, 28870, 28671, 28472, 28272, 28071, 27870, 27670, 27469, 27268, 27067, 26867, 26666, 26465, 26664, 26463, 26262, 26061, 26260, 26059, 26058, 26057, 26056, 25855, 25654, 25455, 25456, 25257, 25058, 24858, 24657, 24457, 24257, 24057, 23856, 23655, 23454, 23253, 23054, 22855, 22656, 22457, 22257, 22057, 21856, 21657, 21457, 21258, 21058, 20859, 20658, 20459, 20260, 20061, 19860, 19659, 19458, 19257, 19056, 18855, 18655, 18455, 18256, 18457, 18458, 18259, 18460, 18261, 18062, 17862, 17663, 17463, 17264, 17064, 16865, 16664, 16464, 16263, 16063, 15863, 15662, 15461, 15460, 15259, 15059, 14858, 14657, 14856, 14655, 14455, 14255, 14054, 14253, 14052, 14051, 13850, 13650, 13450, 13249, 13049, 12849, 12648, 12447, 12246, 12047, 11846, 11845, 11644, 11443, 11244, 11045, 10846, 10646, 10447, 10648, 10849, 10650, 10651, 10452, 10253, 10052, 9851, 9650, 9849, 9848, 9647, 9446, 9245, 9046, 8847, 8648, 8649, 8450, 8250, 8050, 7849, 8048, 7847, 7647, 7446, 7445, 7644, 7643, 7442, 7641, 7840, 7639, 7838, 7637, 7836, 7635, 7435, 7236, 7035, 6834, 6833, 6632, 6432, 6233, 6034, 5834, 5633, 5832, 5831, 5830, 5629, 5628",1
220.83463420000044,3522.4720153808594,"24170, 23970, 23771, 23570, 23569, 23768, 23767, 23966, 23765, 23564, 23363, 23162, 22961, 22762, 22561, 22360, 22159, 22158, 22157, 21956, 21755, 21754, 21753, 21552, 21751, 21950, 22149, 22350, 22351, 22552, 22752, 22951, 23151, 23352, 23551, 23750, 23950, 24149, 24349, 24548, 24747, 24946, 25146, 25345, 25544, 25543, 25342, 25141, 25140, 25339, 25338, 25337, 25536, 25535, 25734, 25934, 26133, 26132, 26331, 26530, 26529, 26528, 26727, 26726, 26925, 27126, 27326, 27526, 27725, 27926, 28127, 28328, 28528, 28727, 28926, 28725, 28724, 28523, 28722, 28921, 28720, 28919, 29119, 29319, 29519, 29720, 29921, 30122, 30322, 30522, 30721, 30920, 31119, 31118, 31317, 31516, 31315, 31114, 31313, 31312, 31511, 31711, 31910, 32109, 32310, 32509, 32508, 32307, 32506, 32505, 32504, 32703, 32902, 33101, 33302, 33501, 33500, 33499, 33298, 33097, 33096, 33295, 33496, 33695, 33894, 34095, 34295, 34496, 34695, 34895, 35096, 35295, 35294, 35293, 35492, 35691, 35490, 35289, 35088, 34889, 34689, 34490, 34291, 34090, 33890, 33689, 33488, 33487, 33286, 33085, 32885, 32684, 32483, 32282, 32083, 31883, 31683, 31482, 31283, 31084, 30885, 30685, 30484, 30283, 30083, 29883, 29682, 29482, 29281, 29280, 29079, 29278, 29077, 28876, 28675, 28476, 28277, 28077, 27877, 27677, 27478, 27279, 27080, 26880, 26680, 26480, 26280, 26081, 25882, 25683, 25482, 25282, 25083, 24882, 24682, 24481, 24680, 24479, 24278, 24477, 24276, 24076, 23875, 23676, 23477, 23276, 23275, 23074, 23273, 23072, 22871, 22670, 22469, 22268, 22069, 21870, 21669, 21468, 21268, 21067, 20866, 20665, 20464, 20265, 20065, 19864, 19663, 19462, 19262, 19063, 18864, 18865, 18666, 18667, 18668, 18469, 18269, 18068, 17867, 17666, 17466, 17266, 17067, 16868, 16668, 16468, 16267, 16066, 15866, 15665, 15466, 15265, 15066, 15067, 14868, 14669, 14470, 14271, 14072, 13871, 13672, 13873, 14073, 14274, 14275, 14476, 14676, 14875, 15075, 15274, 15273, 15072, 15271, 15270, 15469, 15668, 15667, 15666, 15865, 15864, 15663, 15464, 15465, 15466, 15267, 15068, 14867, 14666, 14467, 14266, 14067, 13867, 13666, 13865, 13664, 13463, 13262, 13062, 12861, 12860, 12859, 12658, 12457, 12258, 12058, 11857, 11658, 11457, 11258, 11057, 10857, 10656, 10455, 10454, 10253, 10053, 9852, 9851, 9650, 9449, 9648, 9847, 10046, 9845, 9645, 9444, 9243, 9044, 8845, 8646, 8445, 8244, 8243, 8042, 7842, 7641, 7441, 7240, 7039, 6838, 6837, 6836, 6635, 6434, 6633, 6832, 7031, 7030, 6829, 6628, 6429, 6229, 6028, 5829, 5628",2
463.30740180000066,971.8545999526978,"5628, 5427, 5227, 5026, 5025, 4824, 4623, 4422, 4223, 4022, 3823, 3624, 3825, 3626, 3427, 3228, 3029, 2830, 2630, 2431, 2231, 2030, 1829, 1628, 1827, 2027, 2226, 2426, 2626, 2825, 2624, 2424, 2223, 2222, 2021, 1820, 1619, 1420, 1220, 1021, 1022, 823, 623, 422, 223, 24, 225, 426, 427, 428, 429, 230, 231, 232, 433, 634, 435, 636, 836, 1036, 1237, 1038, 1239, 1440, 1241, 1041, 842, 643, 444, 445, 246, 247, 448, 249, 50, 251, 252, 453, 653, 854, 1055, 1256, 1457, 1658, 1659, 1860, 1861, 1862, 2063, 2264, 2465, 2666, 2866, 3067, 3268, 3069, 3270, 3271, 3072, 2872, 2673, 2874, 2675, 2476, 2277, 2078, 1878, 1679, 1480, 1281, 1482, 1682, 1883, 2083, 2283, 2483, 2683, 2884, 3084, 3285, 3086, 3087, 3088, 2889, 2689, 2488, 2288, 2089, 1889, 1690, 1891, 2092, 1893, 2094, 2295, 2496, 2297, 2098, 2099, 2300, 2501, 2701, 2902, 2703, 2904, 3105, 3306, 3107, 3308, 3509, 3510, 3711, 3912, 4113, 4114, 4315, 4516, 4715, 4915, 5116, 5316, 5515, 5714, 5915, 5916, 6117, 6318, 6119, 5920, 5921, 6122, 6123, 6324, 6525, 6526, 6727, 6928, 7129, 7130, 7131, 7332, 7531, 7732, 7932, 8133, 8334, 8135, 7936, 7937, 8138, 8338, 8538, 8738, 8939, 9140, 9341, 9540, 9741, 9940, 10139, 10339, 10538, 10737, 10937, 11138, 11339, 11540, 11541, 11342, 11143, 11344, 11345, 11146, 11347, 11548, 11749, 11950, 12150, 12351, 12551, 12752, 12953, 12954, 12955, 12956, 13157, 13358, 13559, 13760, 13961, 14161, 14360, 14559, 14760, 14960, 15161, 15362, 15163, 15364, 15565, 15765, 15965, 16166, 16367, 16566, 16766, 16965, 17165, 17366, 17567, 17766, 17965, 18165, 18365, 18564, 18764, 18964, 19163, 19362, 19563, 19762, 19961, 20162, 20362, 20563, 20764, 20963, 21163, 21363, 21562, 21763, 21964, 22165, 22364, 22564, 22765, 22966, 23167, 23168, 23369, 23568, 23767, 23966, 24166, 24367, 24568, 24767, 24967, 25168, 25367, 25566, 25365, 25564, 25763, 25962, 26163, 26364, 26565, 26764, 26965, 26966, 26967, 27168, 27368, 27567, 27767, 27966, 28165, 28364, 28565, 28766, 28767, 28968, 29167, 29366, 29566, 29765, 29966, 29967, 29768, 29569, 29570, 29771, 29972, 30172, 30373, 30574, 30775, 30975, 31175, 31374, 31574, 31773, 31974, 32173, 32373, 32572, 32771, 32970, 33170, 33371, 33572, 33773, 33974, 34174, 34373, 34172, 34371",0
234.22022479999941,946.009392619133,"34575, 34574, 34573, 34372, 34371, 34172, 33973, 33774, 33775, 33976, 33977, 33778, 33579, 33380, 33180, 32979, 32778, 32577, 32377, 32177, 31976, 32175, 32174, 32373, 32172, 31971, 31770, 31570, 31369, 31168, 30967, 30768, 30567, 30367, 30168, 29967, 29966, 29965, 29764, 29763, 29562, 29362, 29161, 28962, 28763, 28562, 28362, 28162, 27963, 27763, 27562, 27361, 27161, 26962, 26763, 26564, 26765, 26766, 26567, 26366, 26167, 25966, 25765, 25566, 25367, 25168, 24969, 24769, 24568, 24368, 24167, 24166, 23965, 23764, 23563, 23362, 23161, 22960, 22761, 22561, 22361, 22162, 21963, 21763, 21564, 21365, 21366, 21567, 21368, 21369, 21170, 20969, 20769, 20568, 20567, 20366, 20165, 19964, 19764, 19564, 19363, 19162, 18961, 18760, 18560, 18361, 18160, 17961, 17761, 17560, 17359, 17158, 16959, 16758, 16757, 16556, 16356, 16157, 15958, 15757, 15556, 15356, 15155, 14956, 14756, 14557, 14358, 14359, 14360, 14361, 14362, 14163, 14364, 14365, 14166, 13965, 13764, 13763, 13962, 14161, 14160, 14159, 13958, 14157, 14356, 14556, 14755, 14754, 14753, 14552, 14551, 14350, 14149, 13948, 13747, 13946, 14145, 14344, 14143, 14142, 14341, 14540, 14339, 14138, 13937, 13736, 13535, 13534, 13533, 13732, 13531, 13331, 13130, 13129, 13328, 13327, 13526, 13725, 13524, 13323, 13522, 13722, 13921, 14121, 14320, 14519, 14718, 14917, 14716, 14515, 14314, 14113, 13912, 13911, 14110, 14109, 13908, 13907, 13706, 13705, 13504, 13503, 13302, 13501, 13500, 13499, 13298, 13297, 13096, 12897, 12696, 12695, 12494, 12693, 12692, 12491, 12292, 12091, 11892, 11692, 11492, 11291, 11490, 11689, 11488, 11487, 11486, 11285, 11284, 11083, 10883, 10684, 10483, 10282, 10081, 10280, 10279, 10278, 10477, 10276, 10076, 9875, 9674, 9474, 9273, 9472, 9671, 9870, 9869, 9868, 9667, 9666, 9465, 9464, 9663, 9862, 10063, 10064, 10265, 10465, 10666, 10867, 11066, 11265, 11464, 11663, 11662, 11661, 11660, 11859, 11658, 11657, 11456, 11255, 11055, 10856, 10657, 10458, 10258, 10057, 9856, 9656, 9456, 9257, 9058, 8857, 8856, 8655, 8455, 8256, 8055, 7855, 7655, 7456, 7255, 7055, 6855, 6656, 6456, 6255, 6055, 5854, 5653, 5852, 6051, 5850, 5649, 5848, 5647, 5446, 5245, 5244, 5443, 5642, 5641, 5840, 6040, 6241, 6440, 6439, 6438, 6237, 6236, 6235, 6234, 6433, 6632, 6631, 6430, 6229, 6028, 5827, 5628",1
261.32448640000075,882.3989396095276,"32575, 32776, 32976, 33175, 33174, 33373, 33372, 33571, 33771, 33971, 34172, 34371, 34171, 33970, 33769, 33568, 33369, 33170, 32969, 32770, 32570, 32369, 32170, 31970, 31769, 31768, 31567, 31367, 31166, 31165, 30964, 30765, 30766, 30567, 30366, 30165, 29964, 29764, 29563, 29363, 29163, 28963, 28762, 28961, 28760, 28759, 28558, 28359, 28159, 27958, 27758, 27557, 27358, 27158, 26959, 26758, 26557, 26357, 26156, 25955, 25754, 25555, 25356, 25155, 24955, 24756, 24957, 25158, 25159, 24960, 24761, 24762, 24563, 24364, 24365, 24166, 23967, 23968, 23769, 23569, 23368, 23168, 22967, 22766, 22567, 22368, 22169, 21968, 21768, 21569, 21370, 21170, 20971, 20772, 20573, 20374, 20175, 19976, 19776, 19576, 19375, 19174, 18973, 18972, 18771, 18570, 18371, 18171, 17970, 17769, 17569, 17369, 17170, 16971, 16772, 16573, 16373, 16172, 16171, 15970, 15771, 15572, 15371, 15170, 14969, 15168, 15167, 14966, 14765, 14565, 14364, 14163, 14162, 14161, 13962, 13762, 13561, 13360, 13160, 12959, 12758, 12557, 12358, 12157, 11956, 11955, 11754, 11554, 11354, 11153, 10952, 10752, 10552, 10352, 10152, 9952, 9751, 9750, 9549, 9348, 9547, 9346, 9146, 8945, 8745, 8545, 8345, 8145, 7944, 7743, 7742, 7541, 7341, 7140, 6939, 6938, 6737, 6537, 6336, 6535, 6534, 6733, 6532, 6731, 6930, 7129, 6928, 6927, 6726, 6925, 6924, 7123, 7122, 7121, 6920, 7119, 7118, 6917, 6716, 6517, 6318, 6119, 5918, 5917, 6116, 5915, 6114, 5913, 5912, 5911, 5710, 5909, 5708, 5707, 5506, 5705, 5904, 6103, 6302, 6101, 6100, 5899, 5700, 5500, 5300, 5099, 4898, 4697, 4498, 4297, 4096, 4295, 4094, 4293, 4492, 4691, 4490, 4689, 4688, 4687, 4686, 4885, 4684, 4883, 4882, 5081, 5282, 5481, 5680, 5879, 5678, 5877, 5876, 5675, 5674, 5873, 6072, 6071, 5870, 5869, 6068, 6267, 6266, 6065, 5866, 5667, 5467, 5267, 5066, 5265, 5464, 5463, 5662, 5862, 6061, 5860, 5659, 5858, 6057, 5856, 6055, 6254, 6454, 6653, 6652, 6851, 7051, 7251, 7450, 7649, 7448, 7247, 7046, 7245, 7444, 7643, 7642, 7441, 7640, 7639, 7638, 7637, 7436, 7236, 7037, 6836, 6635, 6436, 6236, 6035, 5835, 5634, 5633, 5432, 5631, 5830, 5829, 5628",2
343.9562846999979,2180.715831756592,"34371, 34372, 34173, 33972, 33773, 33572, 33372, 33171, 32972, 32973, 32774, 32574, 32375, 32176, 31976, 31775, 31774, 31973, 31772, 31572, 31372, 31173, 30973, 30772, 30573, 30374, 30174, 29975, 29776, 29575, 29374, 29173, 29372, 29371, 29170, 28969, 28768, 28567, 28766, 28765, 28564, 28364, 28164, 27963, 28162, 27961, 27760, 27759, 27558, 27358, 27157, 27356, 27555, 27354, 27553, 27752, 27953, 28152, 28351, 28150, 27949, 27749, 27548, 27347, 27146, 26947, 26748, 26749, 26550, 26349, 26149, 25948, 25747, 25548, 25348, 25147, 24946, 25145, 25344, 25143, 25142, 25341, 25140, 24939, 24938, 24737, 24537, 24336, 24535, 24734, 24533, 24332, 24132, 23931, 23731, 23530, 23331, 23132, 22933, 22732, 22531, 22330, 22529, 22328, 22127, 21927, 21926, 21725, 21724, 21723, 21522, 21521, 21720, 21919, 22118, 21917, 21716, 21515, 21314, 21113, 21312, 21111, 21310, 21109, 21308, 21107, 21106, 20905, 20704, 20503, 20302, 20301, 20500, 20701, 20900, 20899, 20698, 20697, 20496, 20295, 20094, 19893, 19692, 19493, 19293, 19092, 19091, 19290, 19089, 18888, 19087, 19086, 18885, 18684, 18483, 18282, 18081, 18280, 18079, 18078, 18077, 17876, 17675, 17674, 17473, 17272, 17271, 17270, 17069, 16870, 16671, 16470, 16469, 16468, 16267, 16066, 15865, 16065, 16264, 16463, 16462, 16661, 16860, 16859, 17058, 17258, 17457, 17456, 17655, 17654, 17453, 17253, 17054, 16855, 16654, 16455, 16256, 16057, 16058, 15859, 15659, 15459, 15258, 15057, 14856, 14657, 14456, 14256, 14055, 14054, 13853, 13652, 13452, 13252, 13051, 12852, 12651, 12650, 12649, 12848, 12847, 12646, 12445, 12246, 12045, 11846, 11646, 11445, 11244, 11045, 10846, 11047, 11248, 11049, 10849, 10649, 10450, 10251, 10050, 9850, 9650, 9450, 9249, 9048, 8847, 8646, 8645, 8644, 8843, 8842, 8641, 8440, 8639, 8438, 8238, 8039, 7838, 7637, 7437, 7238, 7037, 7036, 7235, 7034, 6833, 6632, 6631, 6430, 6231, 6030, 5829, 5628",0
439.69912060000206,1931.1926441192627,"5628, 5829, 5830, 5831, 5632, 5633, 5634, 5835, 6036, 6037, 6238, 6438, 6639, 6640, 6641, 6842, 7043, 7244, 7445, 7246, 7047, 7248, 7449, 7648, 7847, 8046, 8245, 8445, 8646, 8847, 9046, 9245, 9444, 9643, 9842, 10041, 10242, 10443, 10642, 10842, 11041, 11242, 11443, 11643, 11844, 12045, 11846, 11647, 11848, 12049, 12250, 12451, 12651, 12852, 12653, 12654, 12655, 12856, 13057, 13257, 13458, 13659, 13860, 14061, 14262, 14461, 14662, 14863, 15063, 15264, 15465, 15665, 15865, 15666, 15467, 15268, 15469, 15270, 15071, 15072, 14873, 14674, 14475, 14276, 14477, 14678, 14878, 15079, 14880, 14681, 14682, 14883, 14884, 14885, 14886, 14687, 14688, 14689, 14690, 14891, 15092, 15093, 15294, 15095, 15296, 15497, 15698, 15899, 15900, 16101, 16102, 16303, 16502, 16701, 16902, 17103, 16904, 16705, 16906, 17107, 17308, 17309, 17310, 17111, 17312, 17512, 17713, 17514, 17715, 17916, 17717, 17718, 17919, 18120, 18320, 18519, 18719, 18918, 19117, 19317, 19517, 19717, 19918, 20119, 20319, 20520, 20721, 20922, 21123, 21324, 21525, 21726, 21927, 21928, 21729, 21930, 22131, 22132, 22333, 22534, 22735, 22936, 23136, 23336, 23536, 23735, 23934, 24134, 24333, 24533, 24733, 24932, 25131, 25331, 25532, 25731, 25931, 26132, 25933, 25934, 26135, 26334, 26535, 26336, 26536, 26735, 26935, 27136, 27137, 27338, 27539, 27739, 27940, 28141, 28341, 28541, 28742, 28743, 28544, 28345, 28546, 28747, 28748, 28949, 29150, 29151, 29352, 29552, 29752, 29953, 30153, 30352, 30551, 30751, 30952, 30953, 31154, 31155, 31356, 31557, 31358, 31559, 31760, 31961, 32160, 32359, 32560, 32561, 32762, 32563, 32564, 32765, 32964, 33165, 33366, 33567, 33768, 33769, 33970, 34171, 34371",1
490.86217540000143,2172.7162675857544,"34371, 34171, 33970, 33770, 33570, 33371, 33170, 32969, 32768, 32567, 32367, 32168, 32369, 32170, 31970, 31770, 31570, 31371, 31171, 30970, 30769, 30768, 30767, 30566, 30565, 30564, 30363, 30162, 29961, 29760, 29559, 29758, 29757, 29556, 29357, 29158, 28959, 28760, 28559, 28558, 28757, 28956, 28755, 28954, 29153, 29152, 29151, 29150, 28949, 28749, 28548, 28349, 28148, 27947, 28146, 27945, 27744, 27544, 27345, 27145, 26946, 26747, 26548, 26349, 26149, 25950, 25749, 25548, 25347, 25146, 24947, 24746, 24545, 24344, 24143, 23943, 23744, 23545, 23344, 23343, 23342, 23541, 23540, 23339, 23138, 22937, 22737, 22536, 22335, 22135, 21934, 21734, 21533, 21332, 21531, 21730, 21529, 21728, 21927, 21726, 21725, 21924, 22123, 22322, 22521, 22720, 22919, 22718, 22517, 22516, 22315, 22114, 22113, 22112, 22111, 22310, 22109, 21908, 21707, 21906, 21905, 21704, 21503, 21502, 21301, 21300, 21499, 21699, 21898, 22097, 21896, 22095, 22294, 22495, 22694, 22693, 22892, 23092, 23293, 23494, 23693, 23893, 24092, 23891, 23690, 23490, 23289, 23088, 22888, 22688, 22487, 22287, 22086, 21885, 21685, 21484, 21283, 21282, 21081, 20882, 20681, 20480, 20281, 20081, 19880, 19679, 19480, 19281, 19081, 18882, 18683, 18482, 18481, 18680, 18479, 18279, 18078, 17877, 18076, 17875, 17675, 17475, 17274, 17073, 16872, 17071, 17270, 17069, 16868, 16668, 16467, 16266, 16066, 15865, 15664, 15464, 15265, 15066, 14866, 14665, 14464, 14263, 14064, 13864, 13665, 13465, 13264, 13065, 12864, 12664, 12463, 12262, 12461, 12260, 12459, 12458, 12257, 12056, 11855, 11655, 11455, 11254, 11053, 11052, 10851, 10651, 10450, 10249, 10048, 10047, 9846, 9647, 9446, 9247, 9048, 8849, 8650, 8450, 8251, 8052, 7853, 7654, 7455, 7254, 7053, 7252, 7251, 7250, 7249, 7448, 7447, 7646, 7645, 7644, 7443, 7242, 7241, 7040, 6839, 6639, 6438, 6437, 6636, 6635, 6434, 6433, 6232, 6031, 6030, 5829, 5628",2
441.8967030999993,2450.442856311798,"34371, 34170, 34169, 33968, 33767, 33567, 33367, 33166, 32965, 32964, 32763, 32962, 32961, 32760, 32559, 32758, 32557, 32357, 32156, 31955, 32154, 31953, 31952, 31751, 31552, 31353, 31153, 30954, 31155, 30956, 30757, 30557, 30356, 30157, 29958, 29757, 29556, 29755, 29754, 29753, 29552, 29351, 29151, 28950, 29149, 28948, 28747, 28546, 28345, 28144, 28143, 27942, 27741, 27540, 27341, 27142, 26941, 26740, 26739, 26938, 27137, 27337, 27538, 27539, 27740, 27941, 28142, 28341, 28542, 28543, 28344, 28145, 27946, 27745, 27544, 27343, 27144, 26943, 26744, 26545, 26346, 26147, 25947, 25746, 25545, 25346, 25145, 24944, 24744, 24543, 24344, 24144, 23943, 23742, 23741, 23740, 23739, 23538, 23338, 23137, 22936, 22736, 22536, 22335, 22134, 21934, 21735, 21536, 21335, 21135, 20934, 20933, 20732, 20731, 20530, 20331, 20130, 19930, 19729, 19530, 19329, 19130, 18930, 18729, 18528, 18327, 18128, 18129, 17930, 17731, 17530, 17331, 17131, 16932, 16733, 16532, 16332, 16132, 15932, 15732, 15531, 15730, 15529, 15728, 15527, 15326, 15125, 14924, 14723, 14524, 14325, 14124, 13923, 13722, 13523, 13322, 13121, 12922, 12723, 12724, 12525, 12326, 12125, 11924, 11723, 11722, 11921, 11920, 11719, 11718, 11517, 11316, 11515, 11314, 11113, 10913, 10714, 10514, 10313, 10112, 10111, 9910, 9709, 9509, 9308, 9108, 8907, 8906, 9105, 8904, 9103, 9302, 9301, 9300, 9299, 9498, 9297, 9496, 9695, 9894, 9693, 9493, 9294, 9093, 8893, 8694, 8495, 8296, 8097, 8298, 8299, 8100, 7899, 7699, 7500, 7301, 7102, 6902, 6701, 6700, 6699, 6898, 7097, 7096, 7295, 7294, 7093, 6892, 6692, 6491, 6290, 6289, 6088, 5887, 5688, 5687, 5686, 5885, 5884, 5683, 5482, 5681, 5880, 5679, 5478, 5277, 5078, 4877, 4677, 4476, 4475, 4274, 4473, 4272, 4471, 4470, 4669, 4868, 4667, 4666, 4865, 5064, 4863, 4663, 4462, 4661, 4460, 4259, 4059, 3859, 3660, 3461, 3260, 3059, 3258, 3057, 3056, 3255, 3254, 3053, 3252, 3451, 3650, 3649, 3648, 3847, 3646, 3645, 3844, 3843, 3642, 3841, 4040, 3839, 3838, 4037, 4236, 4437, 4638, 4838, 5037, 5036, 5235, 5434, 5634, 5833, 6032, 6232, 6431, 6430, 6629, 6428",0
297.0029672000019,2568.7729749679565,"34371, 34170, 33970, 33771, 33572, 33373, 33174, 32974, 32773, 32572, 32571, 32370, 32169, 31968, 31767, 31566, 31367, 31368, 31369, 31570, 31571, 31572, 31373, 31174, 30975, 31176, 30977, 30778, 30577, 30376, 30375, 30174, 29975, 29776, 29576, 29375, 29174, 28973, 28772, 28571, 28370, 28169, 28168, 27967, 27766, 27566, 27365, 27564, 27763, 27562, 27561, 27360, 27559, 27358, 27158, 26957, 26756, 26556, 26357, 26158, 25959, 25760, 25561, 25362, 25162, 24961, 25160, 25359, 25358, 25357, 25356, 25555, 25354, 25153, 24954, 24754, 24554, 24354, 24154, 23953, 23753, 23552, 23351, 23150, 22951, 22952, 22753, 22552, 22551, 22750, 22749, 22548, 22348, 22148, 21947, 21746, 21945, 21944, 21743, 21542, 21341, 21140, 20940, 20740, 20539, 20340, 20141, 19941, 19741, 19540, 19340, 19139, 18938, 18739, 18538, 18337, 18138, 17937, 17736, 17535, 17334, 17333, 17132, 16931, 16732, 16533, 16333, 16133, 15932, 15931, 15730, 15729, 15528, 15328, 15129, 14929, 14730, 14531, 14330, 14130, 13929, 14128, 13927, 14126, 14325, 14124, 13924, 13723, 13722, 13521, 13322, 13123, 12922, 12921, 13120, 12919, 12719, 12519, 12319, 12120, 11920, 11719, 11718, 11517, 11516, 11515, 11714, 11713, 11712, 11711, 11510, 11509, 11708, 11507, 11306, 11105, 10904, 10903, 10702, 10503, 10302, 10101, 10300, 10099, 10098, 9897, 9698, 9498, 9298, 9098, 8899, 8699, 8499, 8299, 8098, 7898, 7699, 7498, 7497, 7296, 7095, 6894, 6693, 6492, 6291, 6490, 6289, 6088, 5887, 5688, 5689, 5490, 5291, 5091, 4892, 4693, 4492, 4491, 4290, 4090, 3890, 3689, 3888, 4087, 4286, 4485, 4484, 4683, 4482, 4281, 4280, 4279, 4278, 4077, 3876, 3676, 3475, 3274, 3073, 2873, 2672, 2471, 2270, 2069, 1868, 1668, 1469, 1270, 1069, 869, 668, 467, 266, 65, 64, 263, 262, 61, 260, 459, 658, 858, 1058, 1258, 1459, 1658, 1657, 1456, 1655, 1454, 1653, 1652, 1851, 2050, 2249, 2448, 2447, 2246, 2045, 2244, 2043, 1843, 1644, 1445, 1446, 1247, 1046, 845, 844, 843, 1042, 1241, 1240, 1439, 1238, 1237, 1436, 1636, 1835, 2035, 2236, 2436, 2637, 2836, 3037, 3236, 3435, 3234, 3033, 3232, 3432, 3632, 3833, 4034, 4035, 4236, 4435, 4634, 4835, 5034, 5233, 5433, 5632, 5831, 6030, 6229, 6428",1
209.43999219999387,2576.0138216018677,"34371, 34170, 33970, 33771, 33570, 33369, 33168, 32968, 32768, 32568, 32367, 32566, 32766, 32965, 32964, 32763, 32562, 32361, 32160, 31959, 31958, 32157, 31956, 32155, 31954, 31753, 31554, 31355, 31156, 30957, 30757, 30556, 30355, 30354, 30553, 30752, 30951, 31150, 31351, 31550, 31349, 31148, 31147, 31346, 31345, 31144, 30943, 30743, 30543, 30342, 30142, 29941, 29742, 29541, 29340, 29139, 28938, 29137, 29136, 29135, 28934, 28733, 28533, 28332, 28131, 27930, 27929, 27728, 27527, 27326, 27127, 27128, 27329, 27530, 27531, 27532, 27333, 27334, 27135, 27136, 27337, 27338, 27139, 26940, 26741, 26540, 26340, 26141, 25941, 25740, 25739, 25538, 25338, 25137, 24936, 24737, 24536, 24337, 24137, 23938, 23738, 23539, 23339, 23138, 23137, 22936, 22736, 22536, 22335, 22136, 21935, 21734, 21535, 21335, 21135, 20934, 20735, 20536, 20337, 20138, 19939, 19739, 19538, 19338, 19138, 18937, 18737, 18538, 18337, 18136, 18135, 18334, 18533, 18532, 18331, 18330, 18129, 17928, 17729, 17529, 17730, 17531, 17330, 17129, 16928, 16728, 16527, 16326, 16126, 15927, 15726, 15525, 15724, 15923, 15722, 15921, 16121, 16321, 16521, 16720, 16919, 16918, 17117, 17318, 17517, 17516, 17515, 17714, 17513, 17313, 17112, 17111, 16910, 16710, 16509, 16308, 16109, 15908, 15708, 15507, 15308, 15107, 14908, 14708, 14507, 14307, 14107, 13906, 13705, 13506, 13307, 13106, 12905, 12705, 12504, 12703, 12502, 12301, 12300, 12499, 12298, 12097, 12096, 12095, 11894, 11693, 11492, 11291, 11091, 10891, 10690, 10889, 10888, 10687, 10486, 10685, 10884, 10683, 10482, 10281, 10080, 10079, 9878, 9678, 9479, 9279, 9078, 8877, 8677, 8478, 8278, 8078, 7879, 7880, 8081, 8082, 7883, 7684, 7484, 7283, 7082, 6883, 6884, 6685, 6485, 6286, 6087, 5888, 5688, 5487, 5686, 5685, 5484, 5683, 5482, 5281, 5081, 4880, 4680, 4481, 4280, 4079, 3878, 3678, 3477, 3676, 3475, 3474, 3273, 3472, 3671, 3470, 3469, 3268, 3067, 3266, 3465, 3664, 3663, 3662, 3861, 3860, 4059, 3858, 4057, 4056, 4055, 4254, 4253, 4252, 4451, 4652, 4851, 5051, 5251, 5450, 5449, 5248, 5447, 5246, 5245, 5044, 5043, 4842, 4841, 5040, 4839, 4838, 4637, 4438, 4238, 4039, 3838, 3837, 4036, 4236, 4435, 4635, 4835, 5034, 5234, 5433, 5632, 5832, 6031, 6230, 6429, 6428",2
283.3321511000031,408.3091084957123,"34309, 34510, 34711, 34911, 35111, 35312, 35512, 35711, 35912, 35913, 35914, 35715, 35716, 35717, 35918, 35719, 35520, 35521, 35322, 35123, 34924, 35125, 35325, 35525, 35326, 35127, 34928, 35129, 35330, 35530, 35729, 35929, 36129, 36330, 36530, 36731, 36532, 36333, 36534, 36335, 36336, 36537, 36738, 36539, 36339, 36138, 35938, 35737, 35537, 35338, 35138, 34938, 34737, 34538, 34339, 34138, 33938, 33737, 33536, 33535, 33334, 33133, 32932, 32733, 32534, 32335, 32136, 31937, 31738, 31537, 31336, 31137, 30938, 30737, 30537, 30336, 30135, 29935, 29735, 29534, 29333, 29132, 28931, 28731, 28530, 28329, 28130, 28131, 27932, 27733, 27533, 27333, 27134, 26935, 26736, 26537, 26538, 26339, 26140, 25941, 25742, 25543, 25343, 25144, 24944, 24743, 24542, 24541, 24340, 24139, 23938, 23738, 23539, 23540, 23341, 23141, 22942, 22742, 22543, 22544, 22745, 22546, 22347, 22348, 22149, 21950, 22151, 21952, 21753, 21552, 21352, 21153, 20954, 20755, 20556, 20356, 20157, 19958, 19759, 19760, 19761, 19762, 19563, 19363, 19162, 18962, 18761, 18562, 18363, 18164, 17965, 17766, 17767, 17568, 17569, 17370, 17371, 17572, 17773, 17973, 18172, 18371, 18571, 18772, 18973, 19172, 19371, 19571, 19770, 19971, 20172, 20372, 20571, 20770, 20971, 21171, 21372, 21573, 21773, 21972, 22171, 21970, 22169, 22168, 22167, 21966, 21765, 21764, 21963, 21762, 21561, 21361, 21160, 20961, 20760, 20560, 20359, 20160, 19959, 19758, 19557, 19356, 19155, 18956, 18756, 18557, 18356, 18156, 17955, 17954, 18153, 17952, 17751, 17551, 17350, 17549, 17348, 17147, 16946, 16745, 16744, 16943, 16942, 16941, 16740, 16539, 16538, 16537, 16536, 16335, 16334, 16133, 15932, 15731, 15930, 15729, 15528, 15328, 15129, 14930, 14731, 14530, 14329, 14128, 14327, 14526, 14725, 14924, 14723, 14522, 14321, 14320, 14319, 14318, 14117, 13917, 13718, 13518, 13317, 13516, 13315, 13514, 13513, 13512, 13311, 13510, 13309, 13308, 13307, 13506, 13505, 13704, 13903, 13902, 13701, 13501, 13300, 13299, 13298, 13497, 13696, 13895, 14095, 14296, 14495, 14494, 14293, 14092, 14291, 14290, 14489, 14488, 14687, 14886, 15086, 15287, 15488, 15687, 15887, 16086, 15885, 15684, 15483, 15682, 15481, 15480, 15679, 15478, 15277, 15076, 14875, 14674, 14475, 14276, 14075, 13875, 13674, 13473, 13272, 13471, 13270, 13070, 12871, 12671, 12470, 12270, 12071, 11870, 11669, 11468, 11269, 11068, 10867, 11066, 11065, 10864, 10663, 10862, 11061, 11260, 11259, 11058, 10859, 10660, 10661, 10462, 10261, 10060, 9860, 9659, 9458, 9457, 9656, 9655, 9454, 9254, 9054, 8853, 8653, 8452, 8251, 8050, 7849, 7648, 7447, 7247, 7046, 7045, 6844, 6843, 6642, 6441, 6240, 6239, 6238, 6037, 5837, 5638, 5438, 5237, 5436, 5235, 5434, 5433, 5632, 5431, 5430, 5629, 5628",0
251.01952339999843,372.50674319267273,"5628, 5829, 5630, 5431, 5230, 5031, 4832, 5033, 5034, 5235, 5436, 5437, 5638, 5839, 5840, 6041, 6242, 6442, 6641, 6842, 7042, 7243, 7044, 7045, 7046, 6847, 6648, 6849, 7050, 7251, 7451, 7652, 7853, 8054, 8255, 8056, 8057, 7858, 7658, 7459, 7460, 7461, 7262, 7463, 7664, 7864, 7865, 7666, 7466, 7267, 7268, 7069, 6868, 6668, 6469, 6269, 6070, 6271, 6072, 5873, 5874, 6075, 6274, 6473, 6673, 6873, 7073, 7274, 7475, 7676, 7877, 7678, 7479, 7279, 7080, 7281, 7282, 7483, 7684, 7885, 7886, 7887, 7888, 8089, 8290, 8490, 8689, 8889, 9089, 9290, 9490, 9691, 9692, 9493, 9694, 9495, 9295, 9096, 8897, 8898, 8899, 9100, 8901, 9102, 8903, 8904, 9105, 9306, 9107, 9308, 9509, 9310, 9111, 9112, 9313, 9514, 9715, 9915, 10116, 10317, 10516, 10717, 10718, 10919, 11119, 11320, 11321, 11522, 11722, 11923, 12124, 12324, 12524, 12725, 12526, 12527, 12528, 12729, 12930, 13130, 13331, 13332, 13133, 12934, 13135, 13336, 13537, 13738, 13939, 14140, 14141, 14342, 14343, 14544, 14744, 14945, 14946, 15147, 15148, 14949, 14750, 14550, 14349, 14148, 13948, 13748, 13549, 13750, 13951, 13752, 13953, 13954, 14155, 14356, 14557, 14756, 14957, 15158, 14959, 14960, 14961, 14962, 14963, 14964, 15165, 15365, 15566, 15766, 15967, 16166, 16366, 16567, 16767, 16968, 16969, 17170, 17371, 17570, 17569, 17368, 17167, 17166, 17165, 16964, 16963, 16962, 16761, 16960, 17159, 16958, 17157, 17156, 17155, 17354, 17153, 16953, 16752, 16951, 17150, 17149, 17348, 17549, 17748, 17947, 18148, 18347, 18346, 18545, 18744, 18743, 18942, 19141, 19341, 19542, 19742, 19941, 20141, 20342, 20543, 20742, 20943, 21142, 21342, 21543, 21742, 21941, 22140, 22339, 22540, 22741, 22940, 23139, 22938, 23137, 23336, 23335, 23534, 23735, 23936, 24135, 24336, 24537, 24736, 24936, 25135, 25336, 25537, 25738, 25938, 26139, 26339, 26538, 26737, 26936, 27135, 27334, 27535, 27734, 27933, 28132, 27931, 27930, 28129, 28128, 28127, 27926, 28125, 28324, 28123, 27922, 27921, 27720, 27719, 27518, 27517, 27716, 27715, 27914, 27913, 28112, 28313, 28314, 28315, 28116, 28317, 28517, 28717, 28917, 29117, 29317, 29516, 29715, 29714, 29913, 29912, 30111, 30110, 30309, 30308, 30307, 30506, 30706, 30906, 31106, 31307, 31508, 31509, 31710, 31711, 31912, 32113, 32114, 32115, 32316, 32516, 32717, 32917, 33118, 33319, 33519, 33718, 33717, 33916, 34115, 33914, 33713, 33514, 33313, 33112, 33311, 33511, 33710, 33910, 34110, 34309",1
282.50744439999835,377.9688630104065,"5628, 5629, 5630, 5831, 5832, 5833, 5834, 5635, 5836, 5837, 5838, 6039, 6240, 6440, 6640, 6840, 7039, 7239, 7440, 7639, 7839, 8040, 8241, 8442, 8641, 8840, 9039, 9238, 9439, 9638, 9838, 10039, 10238, 10237, 10436, 10636, 10836, 11035, 11235, 11436, 11635, 11835, 12036, 12237, 12436, 12635, 12434, 12633, 12833, 13034, 13235, 13036, 12837, 12838, 13039, 13240, 13440, 13641, 13842, 14043, 14044, 13845, 13846, 14047, 14246, 14446, 14647, 14846, 15045, 15245, 15445, 15646, 15847, 15648, 15449, 15650, 15851, 16052, 15853, 15854, 15855, 15656, 15457, 15258, 15059, 15260, 15460, 15661, 15861, 16062, 16263, 16464, 16665, 16865, 17066, 17266, 17466, 17667, 17867, 18066, 18065, 18264, 18464, 18663, 18863, 19062, 19261, 19462, 19663, 19863, 20063, 20264, 20465, 20666, 20867, 21068, 21267, 21466, 21665, 21864, 22064, 22264, 22465, 22664, 22863, 22862, 23061, 23262, 23463, 23664, 23465, 23466, 23667, 23868, 24069, 23870, 24071, 24272, 24073, 24074, 24275, 24475, 24675, 24875, 25076, 25276, 25476, 25677, 25478, 25679, 25879, 26080, 26279, 26479, 26680, 26881, 27080, 27281, 27482, 27682, 27881, 28081, 28282, 28483, 28682, 28881, 29082, 29282, 29482, 29682, 29883, 30084, 30285, 30484, 30683, 30884, 31084, 31283, 31483, 31684, 31685, 31686, 31487, 31288, 31489, 31490, 31691, 31890, 32090, 32290, 32489, 32690, 32891, 33090, 33291, 33492, 33493, 33694, 33894, 34093, 33892, 34091, 34290, 34491, 34492, 34493, 34694, 34895, 35096, 35097, 34898, 35099, 35299, 35500, 35700, 35901, 35702, 35703, 35504, 35303, 35103, 34904, 34705, 34706, 34507, 34308, 34309, 34110, 33911, 33711, 33511, 33311, 33110, 32910, 32710, 32509, 32308, 32108, 31909, 31710, 31511, 31310, 31111, 30910, 30709, 30508, 30308, 30107, 29908, 29708, 29509, 29510, 29311, 29112, 28913, 28714, 28515, 28316, 28117, 27918, 27717, 27518, 27319, 27320, 27321, 27122, 27123, 27124, 27125, 27126, 27127, 26928, 26729, 26730, 26931, 27130, 27331, 27532, 27333, 27534, 27335, 27135, 26934, 26734, 26535, 26335, 26135, 25936, 25735, 25535, 25336, 25136, 24937, 24737, 24536, 24335, 24134, 23935, 23734, 23533, 23333, 23134, 23135, 23136, 23137, 23138, 22939, 22738, 22539, 22339, 22139, 21940, 21740, 21539, 21339, 21140, 21341, 21542, 21543, 21744, 21745, 21946, 22147, 22148, 21949, 21749, 21550, 21351, 21151, 20951, 20752, 20553, 20554, 20755, 20956, 20757, 20558, 20357, 20157, 19958, 19759, 19960, 19761, 19562, 19363, 19164, 18964, 18765, 18564, 18365, 18166, 18167, 18368, 18569, 18370, 18171, 17972, 17772, 17571, 17371",2
286.16301580000436,2189.855028152466,"5771, 5570, 5371, 5172, 5373, 5574, 5774, 5973, 6174, 6375, 6574, 6773, 6972, 7171, 7372, 7572, 7773, 7972, 8173, 8372, 8573, 8772, 8973, 9173, 9374, 9573, 9772, 9771, 9570, 9369, 9368, 9567, 9767, 9967, 10166, 10365, 10566, 10766, 10967, 11166, 11367, 11568, 11768, 11967, 12166, 11965, 12164, 12364, 12564, 12763, 12963, 13163, 13363, 13562, 13761, 13960, 13759, 13958, 14157, 14357, 14556, 14755, 14954, 15153, 15152, 15351, 15551, 15751, 15950, 16149, 16348, 16547, 16346, 16545, 16745, 16944, 16943, 17142, 17141, 17340, 17539, 17738, 17937, 17736, 17535, 17334, 17333, 17532, 17731, 17530, 17729, 17929, 18128, 18327, 18326, 18325, 18124, 18323, 18522, 18722, 18923, 19123, 19324, 19525, 19725, 19925, 20124, 20123, 20122, 20321, 20520, 20319, 20318, 20317, 20316, 20515, 20716, 20915, 21114, 21113, 21312, 21511, 21710, 21909, 22108, 22307, 22506, 22706, 22905, 23105, 23304, 23303, 23302, 23501, 23700, 23900, 24099, 24098, 24297, 24496, 24695, 24894, 25093, 24892, 25091, 25291, 25490, 25691, 25892, 26092, 26293, 26492, 26691, 26890, 27090, 27291, 27491, 27692, 27892, 28091, 28090, 27889, 27688, 27887, 28087, 28287, 28488, 28689, 28888, 29087, 29086, 29085, 29284, 29283, 29482, 29281, 29080, 28879, 28680, 28481, 28281, 28080, 28079, 28278, 28277, 28076, 28075, 28074, 27873, 27672, 27471, 27670, 27469, 27668, 27869, 28068, 28269, 28470, 28671, 28872, 29072, 29271, 29471, 29670, 29869, 29668, 29667, 29866, 29865, 29664, 29463, 29262, 29461, 29660, 29859, 30058, 30258, 30457, 30256, 30255, 30454, 30654, 30853, 31052, 31251, 31451, 31651, 31852, 32053, 32252, 32452, 32651, 32650, 32449, 32448, 32647, 32847, 33046, 33246, 33445, 33646, 33847, 34048, 34249, 34448, 34447, 34246, 34045, 33844, 33643, 33642, 33641, 33640, 33839, 34038, 33837, 34036, 34236, 34436, 34635, 34834, 34633, 34432, 34631, 34430, 34229, 34228",0
381.8784495,2296.918224334717,"5771, 5570, 5369, 5168, 5167, 4966, 5165, 5365, 5564, 5363, 5562, 5762, 5961, 6160, 6361, 6562, 6563, 6364, 6165, 5966, 6167, 5968, 6169, 6170, 6371, 6572, 6773, 6974, 7173, 7372, 7371, 7570, 7769, 7970, 8171, 8370, 8369, 8568, 8567, 8566, 8765, 8764, 8963, 8962, 9161, 9362, 9561, 9560, 9559, 9358, 9357, 9556, 9355, 9154, 9353, 9152, 9351, 9550, 9751, 9952, 10152, 10353, 10552, 10751, 10952, 11153, 11353, 11553, 11753, 11953, 12152, 12351, 12350, 12349, 12548, 12747, 12746, 12745, 12944, 13143, 13342, 13341, 13140, 13339, 13539, 13738, 13939, 14140, 14141, 14342, 14541, 14740, 14941, 15142, 15343, 15542, 15541, 15740, 15939, 16140, 16339, 16538, 16737, 16938, 17139, 17338, 17537, 17738, 17937, 18136, 18336, 18535, 18534, 18733, 18934, 19133, 19132, 19331, 19130, 19129, 19328, 19527, 19526, 19325, 19124, 19123, 19322, 19521, 19721, 19920, 20121, 20320, 20520, 20719, 20518, 20717, 20716, 20515, 20314, 20313, 20512, 20711, 20912, 21113, 21313, 21512, 21711, 21710, 21709, 21508, 21507, 21706, 21905, 22104, 22303, 22502, 22701, 22700, 22499, 22498, 22697, 22896, 23097, 23298, 23499, 23700, 23899, 24098, 24297, 24097, 23897, 23697, 23496, 23495, 23694, 23693, 23492, 23291, 23091, 22890, 23089, 23288, 23287, 23286, 23085, 23084, 23283, 23484, 23683, 23682, 23481, 23680, 23679, 23878, 24078, 24279, 24480, 24679, 24878, 24677, 24876, 24675, 24474, 24273, 24472, 24671, 24470, 24469, 24268, 24467, 24666, 24866, 25065, 24864, 25063, 25262, 25461, 25660, 25859, 25858, 26057, 26258, 26457, 26657, 26856, 27055, 27254, 27455, 27655, 27856, 28056, 28255, 28254, 28453, 28452, 28651, 28852, 29051, 29250, 29451, 29651, 29851, 30052, 30251, 30451, 30650, 30849, 30848, 30847, 30846, 31045, 31044, 30843, 31042, 31241, 31440, 31639, 31638, 31837, 32036, 32235, 32034, 32233, 32432, 32431, 32230, 32030, 31829, 32028, 32227, 32427, 32626, 32826, 33027, 33226, 33427, 33627, 33828, 34027, 34228",1
356.12695359999634,2297.0961627960205,"34228, 34429, 34630, 34431, 34632, 34833, 34634, 34835, 35036, 35237, 35438, 35439, 35640, 35841, 36042, 35843, 36044, 36244, 36444, 36645, 36446, 36247, 36047, 35848, 36049, 36250, 36051, 35852, 36053, 35854, 35654, 35455, 35255, 35056, 34855, 34654, 34454, 34255, 34256, 34257, 34058, 34059, 33860, 33659, 33658, 33457, 33256, 33057, 32857, 32658, 32459, 32660, 32661, 32462, 32463, 32464, 32665, 32466, 32266, 32065, 31864, 31665, 31466, 31267, 31066, 30867, 30668, 30468, 30267, 30068, 29867, 29668, 29469, 29670, 29671, 29472, 29273, 29073, 28872, 28673, 28474, 28274, 28075, 28276, 28277, 28278, 28079, 28080, 27881, 27682, 27482, 27283, 27084, 26885, 26686, 26887, 26688, 26889, 26890, 27091, 26892, 26693, 26493, 26293, 26094, 25894, 25695, 25495, 25296, 25097, 24897, 24697, 24497, 24297, 24498, 24698, 24898, 24699, 24500, 24501, 24702, 24703, 24904, 25105, 25106, 25307, 25308, 25509, 25310, 25110, 24910, 24710, 24509, 24308, 24109, 24110, 23911, 23912, 24113, 24314, 24515, 24316, 24517, 24318, 24119, 23918, 23717, 23516, 23315, 23115, 22914, 22713, 22512, 22311, 22111, 21911, 21712, 21513, 21314, 21113, 20913, 20714, 20715, 20516, 20315, 20114, 19913, 19712, 19512, 19313, 19114, 19115, 19116, 19317, 19318, 19119, 18920, 18721, 18722, 18523, 18324, 18525, 18526, 18327, 18328, 18529, 18730, 18731, 18532, 18533, 18334, 18135, 17936, 17937, 17738, 17739, 17540, 17541, 17542, 17543, 17344, 17145, 16946, 16947, 16748, 16549, 16349, 16150, 15949, 15749, 15549, 15348, 15147, 14947, 14746, 14945, 14744, 14544, 14345, 14145, 13944, 13744, 13544, 13343, 13143, 12942, 12743, 12544, 12745, 12546, 12547, 12548, 12349, 12150, 12151, 12152, 11953, 11752, 11553, 11352, 11153, 11154, 10955, 10754, 10555, 10354, 10153, 9952, 9752, 9551, 9350, 9149, 8950, 8750, 8551, 8552, 8353, 8153, 7952, 7752, 7553, 7354, 7155, 7156, 6957, 6758, 6759, 6560, 6361, 6562, 6762, 6963, 6764, 6565, 6566, 6567, 6368, 6169, 5970, 5771",2
